ssn,badgeNum,rank,pName
564490768,57346,Deputy,1st
894284304,40968,Commander,157th
839815698,53193,Deputy,151st
421483033,32800,Lieutenant,130th
474927642,50523,Cadet,28th
421081627,98344,Trooper,164th
679957019,94384,Regular,134th
922341919,49202,Sergeant,66th
549261855,73782,Sergeant,185th
128045601,16439,Deputy,62nd
104444450,98360,Cadet,31st
813019683,32832,Trooper,11th
713323046,81987,Lieutenant,180th
591712806,57412,Lieutenant,192nd
509760040,41041,Lieutenant,63rd
632222250,65621,Deputy,57th
505459248,49239,Deputy,89th
669028914,16472,Trooper,108th
373240373,41052,Regular,89th
917254709,16483,Commander,178th
382759478,65637,Sergeant,100th
890507830,32872,Trooper,112th
535343674,41089,Deputy,26th
563196475,32899,Commander,70th
943821374,32911,Deputy,113th
340038210,73878,Major,176th
687239747,90279,Deputy,3rd
114537030,82105,Commander,19th
523334214,19101,Trooper,43rd
826339914,98498,Sergeant,149th
256995915,32967,Regular,21st
926167632,90318,Commander,1st
434811473,82129,Major,39th
412979792,82135,Trooper,37th
993227344,41180,Regular,89th
247108180,24798,Deputy,51st
563917397,98553,Major,42nd
468111958,73986,Major,148th
307991127,49411,Deputy,104th
213578330,90373,Major,45th
686330462,24841,Lieutenant,89th
433468000,57611,Lieutenant,52nd
707695201,98576,Trooper,145th
304468577,41238,Lieutenant,80th
385618531,13921,Trooper,140th
913330784,16673,Commander,133rd
320320099,33061,Sergeant,86th
726053478,82215,Sergeant,141st
510866025,24878,Major,112th
135164523,57650,Commander,82nd
391942766,74038,Deputy,19th
902894193,49466,Sergeant,37th
259306098,74050,Regular,144th
441864818,74075,Major,195th
354169462,65887,Lieutenant,49th
830722679,82272,Sergeant,78th
602780280,57712,Cadet,58th
149942905,41331,Lieutenant,192nd
847000188,98677,Regular,96th
869864064,57718,Sergeant,151st
983519873,57720,Deputy,121st
352481923,16767,Commander,117th
985322117,90499,Regular,27th
753439365,65933,Lieutenant,5th
957026955,98714,Sergeant,58th
209089164,24990,Lieutenant,75th
838423180,74150,Sergeant,50th
470602382,51953,Commander,25th
158618255,25000,Regular,172nd
986829460,41388,Cadet,158th
576320148,33208,Major,125th
422097561,74171,Sergeant,47th
315929242,43765,Lieutenant,163rd
266883740,82370,Sergeant,50th
508031647,65991,Lieutenant,150th
799559686,41420,Cadet,44th
811168419,98765,Sergeant,154th
795415204,33230,Major,29th
206344868,98772,Deputy,27th
461902502,98781,Cadet,129th
248124067,41438,Deputy,42nd
749105832,98785,Major,80th
792703656,49634,Sergeant,88th
593310376,80635,Major,140th
768807595,41455,Trooper,133rd
168350381,82420,Major,35th
353866417,66047,Cadet,63rd
427913907,66057,Sergeant,9th
537334455,90635,Deputy,138th
817394361,49685,Cadet,158th
469537466,74270,Commander,65th
538718907,82496,Major,14th
315773628,90694,Commander,172nd
812307134,12385,Commander,119th
847762113,49744,Regular,58th
799961793,41553,Sergeant,21st
484061893,25173,Lieutenant,1st
604607177,82524,Cadet,73rd
346141387,66145,Deputy,99th
564884179,16994,Regular,54th
691213012,98925,Deputy,108th
960844501,74350,Major,126th
714978010,66160,Regular,175th
331576026,36968,Sergeant,123rd
626143964,17010,Deputy,186th
553095898,41595,Commander,96th
657502944,90751,Lieutenant,130th
976941793,25216,Sergeant,14th
872084193,49796,Cadet,146th
722457313,74379,Major,184th
968954596,41614,Cadet,66th
804877029,17044,Cadet,84th
277762789,41625,Lieutenant,69th
671970023,49821,Sergeant,107th
767242983,33444,Cadet,131st
531206889,98985,Sergeant,93rd
416396009,25267,Deputy,106th
686019305,66234,Major,111th
270168811,41662,Commander,139th
633967338,66255,Lieutenant,178th
515658478,33498,Trooper,36th
981611240,33508,Cadet,191st
743183088,74472,Regular,142nd
809808627,58089,Lieutenant,28th
543683316,33518,Major,98th
574132983,82687,Cadet,133rd
684421880,41733,Commander,188th
797070073,74506,Lieutenant,109th
861049591,41740,Commander,53rd
159560443,58126,Cadet,163rd
598938367,17170,Deputy,53rd
293802752,41747,Regular,165th
489403137,49943,Commander,74th
763998975,25378,Regular,135th
417870592,82723,Regular,61st
374223615,41769,Regular,146th
238408453,49977,Trooper,151st
587576071,49978,Cadet,73rd
409580296,41796,Cadet,115th
706171657,66375,Deputy,49th
108786442,82764,Regular,172nd
298529547,33614,Commander,44th
629715724,30182,Trooper,10th
120713996,74602,Regular,166th
308433683,82799,Cadet,2nd
595718934,66422,Commander,97th
759886617,74622,Deputy,61st
455185183,33667,Deputy,5th
335852324,99214,Major,89th
885347111,58261,Sergeant,124th
724505384,91035,Major,66th
865833769,91039,Major,150th
719794986,25506,Commander,99th
753341227,99237,Trooper,167th
718025515,33711,Trooper,147th
108294955,50099,Deputy,119th
445141805,33718,Cadet,191st
274740015,41912,Deputy,22nd
770659119,17340,Lieutenant,127th
357454641,41917,Deputy,101st
353432370,58302,Major,17th
121090865,41929,Trooper,103rd
306623284,62969,Regular,10th
174068529,66534,Sergeant,80th
485462838,17387,Regular,188th
376181552,66541,Commander,118th
960836402,50165,Major,7th
909022009,91126,Regular,63rd
828617529,99324,Trooper,6th
534369082,17414,Major,182nd
984412987,58380,Major,145th
267686719,99344,Major,169th
451859263,74771,Lieutenant,53rd
130609985,53773,Deputy,172nd
182096708,99361,Commander,194th
210498375,50213,Regular,145th
887329608,23388,Deputy,175th
437441355,74794,Regular,77th
549286733,58412,Lieutenant,41st
617018189,82995,Major,142nd
210244431,66613,Commander,170th
749310799,17465,Trooper,193rd
406786897,42043,Commander,20th
393098061,42056,Trooper,126th
447402830,83022,Trooper,43rd
808801108,99409,Regular,185th
609112917,99419,Deputy,43rd
707359574,17500,Major,70th
257856343,66658,Deputy,8th
285651803,97126,Lieutenant,85th
944296797,17518,Deputy,100th
118223710,17521,Major,86th
419697503,42100,Major,49th
614339424,66677,Commander,6th
369062754,37055,Deputy,20th
884904804,83081,Lieutenant,155th
164148068,33930,Major,134th
117683047,91275,Sergeant,108th
554505065,74900,Cadet,6th
384054123,66718,Cadet,124th
173241196,58553,Regular,168th
327480175,25787,Commander,132nd
555881329,74940,Deputy,19th
208606068,99522,Trooper,192nd
782291833,66763,Commander,181st
927929210,68472,Cadet,147th
831607675,50387,Regular,136th
592712571,50390,Commander,136th
563950460,31609,Deputy,121st
213783420,17624,Major,84th
852571003,91377,Deputy,189th
929092484,91385,Commander,145th
111522692,99588,Commander,39th
983708551,34060,Lieutenant,149th
186749832,17685,Trooper,11th
248247177,42264,Trooper,67th
107328393,61965,Sergeant,121st
846451599,50470,Cadet,61st
322327442,50473,Sergeant,134th
559174546,50477,Regular,166th
236876694,17713,Lieutenant,158th
696513433,99635,Trooper,172nd
718836634,90334,Trooper,111th
578859938,34102,Sergeant,148th
470807462,50490,Trooper,122nd
510227367,42303,Deputy,110th
369300392,58689,Major,40th
708465574,76684,Lieutenant,31st
180827052,17738,Cadet,111th
525669294,25933,Commander,19th
351032240,58702,Deputy,72nd
419894194,34138,Cadet,24th
218256307,66907,Regular,159th
670528436,17756,Commander,73rd
383488949,50531,Sergeant,149th
889336758,25971,Trooper,45th
561189819,17790,Trooper,36th
784135100,27541,Cadet,122nd
946557885,58760,Commander,104th
807646142,12524,Major,69th
600060864,66957,Cadet,56th
886395849,91534,Commander,51st
515126220,75153,Sergeant,152nd
409400271,34201,Commander,105th
596833233,99745,Lieutenant,166th
277017555,17830,Cadet,156th
525628373,34227,Major,175th
132715478,67003,Deputy,66th
775156695,91586,Deputy,5th
551236566,42436,Trooper,73rd
141169628,17866,Trooper,139th
174142434,26060,Major,77th
710243300,17869,Trooper,119th
339923941,42454,Commander,136th
950178791,26071,Deputy,12th
115848167,75233,Commander,147th
170234858,67054,Trooper,191st
474641386,99825,Regular,60th
687526894,83442,Lieutenant,75th
278090739,83448,Commander,103rd
562148340,42494,Commander,119th
669152244,83457,Commander,70th
660820979,58891,Trooper,118th
304780283,58913,Regular,172nd
696333308,83491,Deputy,23rd
360272893,50726,Deputy,47th
930288639,26151,Cadet,141st
437277696,26152,Lieutenant,112th
299185152,94471,Regular,42nd
645313538,17966,Sergeant,23rd
962237443,67165,Deputy,58th
547632132,20744,Commander,58th
911463430,91706,Lieutenant,155th
737776646,83525,Lieutenant,19th
462050312,50759,Trooper,142nd
877270025,17993,Regular,133rd
409900042,18001,Trooper,90th
676721675,80826,Cadet,158th
267777036,34408,Major,115th
641037320,99961,Trooper,108th
475911183,91771,Commander,178th
973911058,99969,Lieutenant,163rd
593040406,34438,Major,152nd
624325659,42638,Sergeant,46th
703206427,34448,Major,150th
799061022,59027,Trooper,149th
588379167,59036,Deputy,159th
714388511,67234,Regular,86th
627758112,67243,Sergeant,42nd
558494754,50862,Major,31st
854520865,42676,Sergeant,166th
116675619,83638,Cadet,123rd
629863461,34488,Sergeant,32nd
595825711,74017,Commander,36th
534508592,26314,Commander,26th
354677808,50894,Regular,91st
554718257,83666,Lieutenant,125th
696742962,42710,Major,181st
338736180,43984,Trooper,60th
321655864,50919,Lieutenant,70th
299553849,83695,Lieutenant,15th
302478392,34546,Major,65th
394998843,75513,Cadet,158th
377181243,59137,Cadet,107th
655864893,18188,Trooper,64th
982561852,59149,Lieutenant,164th
124228664,10000,Commander,108th
679425088,26385,Deputy,79th
489387073,34578,Regular,6th
620991553,50963,Cadet,49th
548746307,50964,Lieutenant,134th
278869068,26395,Major,131st
531969102,10015,Major,117th
163443790,26406,Major,1st
691704912,10047,Cadet,189th
221230160,75593,Major,121st
864719958,67405,Deputy,85th
128545880,51022,Commander,112th
709702745,34640,Major,7th
169866332,75610,Cadet,126th
803492958,34651,Cadet,1st
293516385,26460,Commander,60th
156284003,83808,Sergeant,122nd
748098660,10082,Major,188th
746894438,59240,Cadet,49th
450024550,83822,Deputy,127th
518607974,10095,Commander,72nd
421549162,26487,Sergeant,4th
897873003,75642,Trooper,8th
813929578,42880,Regular,1st
681047146,51075,Sergeant,173rd
370971755,59269,Commander,78th
537425007,59279,Sergeant,94th
389018737,26512,Deputy,173rd
365909106,26514,Lieutenant,38th
551842933,42904,Deputy,76th
584709239,67483,Lieutenant,77th
595850359,18335,Sergeant,136th
592950391,92064,Deputy,85th
820597885,26551,Regular,94th
845853822,51130,Regular,71st
608064637,51133,Lieutenant,81st
653137024,51135,Regular,178th
916493440,34753,Cadet,123rd
763450496,42948,Trooper,53rd
484709507,18378,Major,110th
324916351,18380,Lieutenant,102nd
633558141,10190,Cadet,188th
706466953,84984,Regular,177th
220664970,26578,Cadet,164th
566375566,75731,Deputy,20th
123171983,59353,Major,41st
756774032,34778,Sergeant,7th
815035538,34787,Major,62nd
178140306,51175,Major,43rd
289789076,92140,Major,154th
728904853,72701,Lieutenant,7th
923825302,59377,Commander,170th
335590548,94547,Trooper,8th
805745819,44030,Regular,143rd
477115548,42998,Trooper,120th
113161373,59386,Commander,193rd
384136350,34811,Lieutenant,30th
421033117,83970,Deputy,60th
184112293,75784,Lieutenant,186th
882250924,43017,Commander,79th
278090927,59407,Cadet,45th
271504560,75795,Regular,175th
138794161,34841,Sergeant,31st
119469233,92192,Regular,194th
267400369,92193,Deputy,82nd
636015796,34851,Trooper,15th
411817141,59428,Sergeant,195th
384693429,43046,Commander,45th
488101047,59434,Regular,131st
299652281,26667,Major,165th
273945791,43064,Cadet,168th
400848068,30388,Regular,72nd
714052807,18493,Sergeant,118th
868422856,65888,Regular,116th
498226376,75847,Sergeant,93rd
948753608,26702,Cadet,138th
539718858,59472,Deputy,77th
466949324,59473,Regular,158th
652833999,59475,Sergeant,76th
925144271,34904,Major,144th
129889492,34906,Regular,124th
123540693,59491,Regular,31st
610473175,43119,Major,13th
680883417,18544,Trooper,41st
297686235,92274,Deputy,40th
342865116,75891,Commander,127th
435156192,34941,Major,84th
225858785,34950,Deputy,95th
524629217,34955,Cadet,190th
798225636,10384,Deputy,182nd
465818854,18578,Major,99th
887592167,59540,Major,133rd
629789931,31770,Commander,156th
567301358,18592,Regular,153rd
140129519,51362,Commander,91st
838505712,43177,Commander,184th
518558960,26794,Major,9th
293909746,67764,Trooper,89th
102839539,51383,Deputy,8th
437294323,92346,Deputy,47th
326038772,84166,Regular,52nd
461329655,84171,Lieutenant,33rd
112276727,46797,Cadet,171st
785470712,35024,Deputy,159th
548238586,59602,Lieutenant,15th
798913785,75989,Regular,104th
918951163,10466,Major,153rd
749081856,51431,Sergeant,88th
368399619,26884,Deputy,66th
631649541,92421,Cadet,44th
806491398,16771,Major,91st
157136135,92437,Lieutenant,135th
880366857,67862,Deputy,152nd
346199306,10520,Cadet,169th
596301066,76057,Deputy,132nd
729273614,35099,Regular,150th
204870926,18742,Sergeant,23rd
643495182,51526,Cadet,45th
229733649,59721,Commander,70th
214299922,57741,Commander,59th
661656849,84310,Regular,123rd
842757394,59736,Trooper,179th
766383381,35161,Regular,36th
425989398,35165,Trooper,80th
203887895,92511,Cadet,91st
809800984,26976,Regular,119th
659002651,51555,Commander,53rd
804549920,26980,Deputy,43rd
445912354,43365,Regular,188th
735884579,43371,Regular,51st
197670182,10607,Trooper,2nd
539481383,43380,Deputy,168th
622794023,59770,Lieutenant,171st
879056172,76164,Lieutenant,42nd
451777837,10636,Trooper,170th
916043054,43417,Commander,118th
260117807,59802,Sergeant,126th
521925937,59805,Major,149th
384832819,89159,Deputy,160th
383497525,43442,Lieutenant,82nd
102233397,51638,Lieutenant,77th
965653816,10679,Major,16th
947770682,68024,Lieutenant,28th
328676666,35260,Sergeant,31st
917435709,68031,Deputy,43rd
779719999,43461,Sergeant,106th
739915072,10719,Major,90th
587732290,76262,Lieutenant,47th
242939204,76269,Regular,29th
758175048,84466,Regular,22nd
926258509,27127,Commander,176th
302175566,22272,Lieutenant,154th
318444879,18947,Lieutenant,41st
444855632,76299,Lieutenant,153rd
374977873,84495,Trooper,155th
549590361,51728,Major,5th
607712605,92690,Cadet,44th
933270880,68134,Major,187th
475698528,51755,Sergeant,172nd
625767776,27180,Lieutenant,136th
360346979,35373,Commander,80th
691598698,59953,Trooper,130th
514798955,59955,Cadet,92nd
695670124,18999,Regular,34th
587199855,59960,Cadet,39th
960345456,43579,Cadet,64th
372716911,92738,Lieutenant,12th
612914546,92741,Major,63rd
649639279,19017,Deputy,78th
389010805,51791,Major,99th
203052406,84561,Regular,110th
306255222,68188,Commander,136th
557610360,42768,Regular,28th
322467192,90555,Trooper,11th
235672955,19070,Deputy,63rd
101152125,19073,Cadet,35th
823399805,43650,Sergeant,85th
408835453,10891,Regular,111th
479065473,16834,Cadet,59th
833410434,35473,Deputy,61st
934712706,27282,Lieutenant,89th
330560900,27286,Regular,188th
997307781,76445,Sergeant,12th
871363975,59163,Sergeant,90th
451392903,19109,Trooper,13th
986076553,51890,Deputy,102nd
993957262,35509,Cadet,78th
228242831,68281,Sergeant,159th
675501455,92861,Cadet,107th
137876881,76490,Major,45th
624506259,60113,Regular,129th
898897303,18214,Deputy,106th
478819735,76529,Lieutenant,34th
126252440,92915,Cadet,156th
638596506,60149,Major,175th
799290775,19197,Lieutenant,7th
860444057,84734,Lieutenant,120th
406664605,76545,Regular,134th
879809949,76560,Trooper,175th
361641375,92948,Sergeant,175th
469964192,92952,Cadet,194th
111605153,68381,Major,12th
556660130,27426,Deputy,12th
789558686,52007,Regular,22nd
537621924,76593,Commander,132nd
130217382,19266,Lieutenant,148th
829650346,85136,Commander,145th
690804139,43877,Lieutenant,104th
134935980,19315,Cadet,35th
436762029,68470,Regular,94th
941430195,11128,Major,16th
242349492,19339,Deputy,82nd
839734715,84876,Cadet,142nd
495474114,22338,Deputy,39th
134157765,11157,Major,72nd
689616330,35737,Lieutenant,131st
597104081,68510,Cadet,87th
167990738,43946,Trooper,189th
188503510,19395,Sergeant,94th
325907929,52168,Regular,70th
995857883,27593,Sergeant,195th
889419228,84943,Deputy,91st
288519645,93136,Sergeant,81st
289912286,27612,Regular,50th
706876895,76773,Deputy,165th
984102370,84967,Commander,125th
512882148,76777,Major,106th
379065829,19440,Sergeant,177th
456504806,35832,Lieutenant,63rd
253826533,84986,Major,11th
836023784,93182,Commander,67th
991008229,11266,Trooper,168th
804689381,11288,Commander,5th
642176491,19481,Trooper,92nd
993785323,27677,Sergeant,45th
547599848,19486,Deputy,26th
327603695,83804,Trooper,99th
477689329,44077,Cadet,68th
505001458,44079,Sergeant,98th
856389107,27704,Sergeant,138th
602920433,11325,Trooper,27th
306550264,68670,Commander,7th
549574136,16907,Trooper,42nd
835270138,35916,Regular,170th
294761980,52303,Trooper,54th
851785212,68699,Commander,161st
685929985,76894,Cadet,167th
268293635,60526,Major,176th
138114564,52345,Lieutenant,38th
179377671,11390,Cadet,145th
617797128,68752,Deputy,142nd
385824264,19613,Regular,23rd
421893643,60577,Lieutenant,164th
195466764,85163,Cadet,107th
294442509,85164,Cadet,41st
792548880,60595,Lieutenant,161st
615765526,27852,Lieutenant,161st
618051095,93399,Lieutenant,20th
900847128,19673,Cadet,118th
898553368,44256,Regular,35th
338859546,27885,Sergeant,46th
848926242,85231,Trooper,160th
223524387,27892,Deputy,60th
127923748,19704,Sergeant,192nd
142112292,93433,Trooper,20th
105838122,36092,Commander,66th
793392685,60683,Deputy,3rd
177354288,85267,Lieutenant,7th
492754481,60694,Cadet,123rd
367195700,60703,Cadet,82nd
374781496,85280,Regular,118th
142251576,36132,Cadet,181st
510637625,85285,Sergeant,104th
341440056,93480,Commander,104th
509711932,27948,Commander,31st
463836728,93485,Commander,89th
770766398,85294,Trooper,127th
825161280,44335,Regular,123rd
561075777,19760,Commander,152nd
497841730,36155,Major,83rd
862344770,85315,Trooper,148th
779843147,27976,Lieutenant,130th
284030540,11596,Commander,110th
635000397,93517,Sergeant,50th
896915024,93518,Lieutenant,68th
961173073,27984,Cadet,109th
730953299,37432,Regular,114th
643003989,36180,Commander,147th
618124889,93533,Lieutenant,66th
372299354,77170,Regular,2nd
617281117,60787,Sergeant,182nd
845370976,85364,Lieutenant,195th
931485282,36214,Trooper,103rd
964777571,11646,Commander,162nd
756119139,19843,Commander,24th
335558244,11652,Cadet,125th
987371110,85390,Lieutenant,17th
757642855,11670,Trooper,43rd
840562291,11671,Lieutenant,130th
533771892,69030,Cadet,124th
929937012,60842,Cadet,161st
749508215,60849,Trooper,141st
833222265,11699,Regular,11th
148813434,93632,Trooper,101st
372962940,85445,Commander,195th
806254204,19912,Trooper,190th
535311996,19916,Regular,12th
516306559,11736,Sergeant,87th
560993921,19934,Regular,97th
194590337,23803,Sergeant,3rd
109295235,28138,Lieutenant,26th
420673156,60912,Sergeant,116th
168744583,36344,Commander,58th
781981322,28157,Cadet,128th
455161484,77310,Sergeant,131st
100374158,36360,Major,114th
768988815,28169,Trooper,1st
873379473,87981,Trooper,170th
930117265,36373,Cadet,151st
649270935,28187,Sergeant,6th
653244058,52771,Sergeant,138th
187561627,77348,Sergeant,180th
544421532,85542,Deputy,134th
999184029,77359,Deputy,114th
826627739,11826,Major,82nd
966522527,20023,Cadet,186th
327733254,69177,Trooper,65th
806680225,20031,Trooper,131st
473200290,93764,Major,50th
964081314,93773,Sergeant,99th
884651684,11860,Deputy,6th
798398117,61014,Lieutenant,99th
160822948,28248,Commander,179th
147576484,44634,Trooper,194th
237573799,77405,Commander,159th
483800746,69215,Deputy,6th
373405355,20075,Regular,162nd
527455919,93805,Commander,133rd
467244721,52848,Commander,167th
713766580,44661,Sergeant,121st
179926709,85622,Deputy,125th
711177910,44670,Sergeant,126th
993523383,52864,Sergeant,101st
873805496,44677,Cadet,70th
363804341,77452,Lieutenant,4th
128054974,77457,Lieutenant,166th
498120387,77460,Major,103rd
794949318,28326,Lieutenant,126th
243914442,90737,Lieutenant,24th
873313994,85674,Regular,161st
237172428,28343,Major,177th
905377485,93881,Sergeant,114th
149984972,77510,Deputy,66th
476075731,59340,Major,175th
806041300,69322,Cadet,107th
696989398,69326,Cadet,64th
900470491,93904,Cadet,103rd
427259612,61143,Regular,95th
827053792,28379,Commander,13th
859805409,44764,Lieutenant,56th
636860130,36133,Sergeant,8th
585856741,44773,Commander,89th
410613478,28390,Major,16th
130766571,12010,Regular,33rd
981866221,83922,Trooper,30th
133453550,85746,Regular,58th
951990000,12020,Regular,129th
881932018,85752,Trooper,94th
161249015,12029,Lieutenant,87th
237418235,61184,Lieutenant,104th
504108798,55254,Major,122nd
702273281,44809,Deputy,17th
822777607,53010,Deputy,91st
451426059,85781,Lieutenant,173rd
146306830,18394,Regular,84th
881112847,69441,Deputy,73rd
753219347,28482,Trooper,39th
237426451,85830,Trooper,88th
152942359,61257,Deputy,181st
508892952,20302,Trooper,147th
177075996,28502,Major,66th
183383836,94040,Lieutenant,137th
231888671,61273,Sergeant,169th
790173472,77664,Trooper,118th
892655392,77670,Major,134th
433362722,20338,Trooper,80th
952997667,53107,Trooper,141st
727922467,44920,Sergeant,112th
123328290,85886,Trooper,184th
324630308,28544,Trooper,58th
697628455,69506,Major,147th
731109162,12163,Commander,35th
426620714,77700,Lieutenant,128th
730961708,61324,Trooper,110th
840472368,36749,Deputy,101st
622991155,12197,Major,131st
530036532,36775,Deputy,8th
337696563,85933,Cadet,132nd
704444214,85938,Cadet,159th
164312884,77749,Lieutenant,168th
151615288,94136,Cadet,174th
635213625,20425,Regular,124th
333592373,77133,Commander,63rd
247813947,28624,Lieutenant,40th
817231683,45012,Deputy,193rd
746706756,61404,Lieutenant,129th
920934215,45021,Trooper,104th
386873159,36833,Trooper,109th
747681607,77797,Major,46th
811800396,77805,Regular,73rd
192755534,36846,Lieutenant,121st
370300754,65331,Trooper,141st
707876692,61435,Lieutenant,151st
672823125,45052,Lieutenant,127th
660150105,61441,Trooper,62nd
945002330,53259,Lieutenant,53rd
109852508,69645,Deputy,93rd
663377757,61463,Cadet,22nd
533608286,69656,Cadet,37th
604264287,86042,Cadet,10th
734836576,20507,Sergeant,52nd
820123489,69661,Deputy,128th
951433059,94238,Lieutenant,53rd
607197029,61478,Trooper,138th
975099751,28712,Major,4th
100677480,94253,Trooper,24th
476755817,36914,Regular,159th
620844903,83977,Regular,114th
391985005,20539,Cadet,10th
407549806,12348,Regular,59th
578303855,36928,Trooper,177th
657422192,94278,Sergeant,123rd
893687662,61530,Commander,98th
633091951,61532,Deputy,75th
665089907,28767,Major,13th
732051316,53345,Commander,155th
199055219,36962,Commander,105th
841791348,77928,Deputy,20th
685447028,86121,Lieutenant,87th
422459248,36977,Trooper,182nd
775608185,94327,Deputy,114th
732116859,94333,Trooper,8th
580663163,28808,Trooper,105th
694441857,61577,Lieutenant,159th
639620993,94351,Commander,97th
706525061,86168,Deputy,54th
730969990,20634,Cadet,149th
875116423,28828,Trooper,61st
817788812,12450,Lieutenant,88th
329496462,85362,Cadet,26th
498366351,20654,Deputy,72nd
186783631,94383,Commander,27th
646592401,86192,Cadet,171st
746706834,53435,Lieutenant,81st
800626579,61631,Trooper,49th
712300438,68982,Lieutenant,170th
425695132,51235,Major,55th
809097117,45291,Cadet,149th
856594339,78060,Lieutenant,6th
241162148,94447,Sergeant,171st
323573670,45296,Trooper,187th
378738599,85374,Commander,35th
640571306,45303,Commander,39th
229955500,86269,Major,177th
374609837,94463,Cadet,62nd
453097390,94467,Commander,29th
741537715,37124,Sergeant,110th
723392435,20743,Regular,51st
734173107,94472,Sergeant,86th
607451062,28939,Deputy,2nd
197261239,86289,Trooper,135th
964057018,86294,Major,148th
103757757,17114,Deputy,56th
327899070,12574,Regular,7th
997922752,61729,Sergeant,63rd
449517507,12581,Cadet,35th
201471940,78126,Lieutenant,173rd
752048073,94512,Cadet,94th
504739786,94519,Sergeant,166th
205428684,12602,Regular,79th
708736976,69949,Lieutenant,24th
173488081,86338,Cadet,129th
722057170,45387,Regular,43rd
742922193,61774,Sergeant,186th
744912850,78163,Trooper,152nd
603912149,37215,Cadet,103rd
269342677,61809,Major,74th
919877591,29043,Regular,91st
186537943,61812,Major,171st
550754261,49897,Deputy,155th
590739417,70016,Trooper,63rd
222468058,37250,Deputy,141st
786298845,12685,Major,109th
508000222,61843,Trooper,115th
992450527,29091,Commander,161st
663779298,61861,Cadet,11th
872544227,94631,Sergeant,191st
603461604,20912,Deputy,95th
759117798,53681,Sergeant,102nd
254072811,20927,Major,85th
720123884,94657,Commander,107th
824309742,37314,Sergeant,181st
729405425,37315,Deputy,135th
651139063,45510,Sergeant,123rd
939882487,37321,Deputy,145th
858003449,29134,Sergeant,127th
451082233,20956,Commander,85th
187881465,45534,Major,81st
602224635,51280,Commander,133rd
147175421,85414,Deputy,130th
714708989,61944,Lieutenant,6th
644134911,53755,Commander,132nd
434690043,53760,Trooper,144th
428267524,94722,Regular,117th
658290693,53763,Major,32nd
905541637,70148,Major,169th
750196742,86541,Regular,93rd
795318280,86546,Deputy,109th
304994317,82693,Deputy,150th
332404749,94753,Sergeant,123rd
672733202,70178,Deputy,172nd
206239762,70180,Trooper,194th
922613778,53799,Regular,112th
214693908,86791,Major,62nd
218396694,21037,Sergeant,152nd
906524694,62001,Major,83rd
129914899,94776,Commander,65th
936785945,45628,Regular,152nd
634476570,45634,Lieutenant,130th
693843996,26070,Commander,45th
169900061,78411,Regular,177th
330307614,37458,Sergeant,159th
890837023,94808,Commander,50th
843331616,70236,Regular,59th
753088543,12895,Deputy,40th
638040093,21089,Deputy,28th
942888995,94820,Sergeant,12th
963737637,86634,Deputy,167th
663369767,62061,Trooper,139th
303634475,78447,Lieutenant,129th
260536365,37493,Lieutenant,155th
877557807,53880,Major,135th
626735152,86659,Lieutenant,143rd
233281586,94853,Deputy,59th
869333043,12934,Trooper,56th
694433845,21132,Regular,68th
481245239,62095,Lieutenant,41st
443521081,20344,Trooper,72nd
997324858,37528,Trooper,5th
399808573,12953,Regular,81st
437942333,12956,Commander,153rd
327301183,53936,Lieutenant,6th
438982720,12986,Sergeant,178th
676091969,94917,Commander,19th
627603520,94920,Sergeant,45th
328243265,62164,Sergeant,170th
899209285,13025,Cadet,15th
398309446,13027,Deputy,151st
422737989,13041,Deputy,38th
259110983,21235,Lieutenant,151st
551811145,86774,Deputy,185th
613111884,13055,Deputy,30th
549861453,45824,Regular,135th
146323534,13063,Cadet,62nd
963885135,21256,Sergeant,63rd
712947793,78603,Lieutenant,145th
371923026,62224,Sergeant,170th
893352027,95008,Sergeant,23rd
303618141,59526,Sergeant,48th
246970461,70453,Deputy,192nd
481368159,95041,Deputy,151st
557127773,13141,Major,64th
918091870,78678,Regular,169th
132069469,45912,Regular,31st
350460003,95069,Commander,5th
963991653,13150,Lieutenant,65th
852924517,29542,Commander,144th
983570533,21357,Lieutenant,181st
335984747,37758,Regular,150th
176609388,29568,Major,185th
688461935,45954,Regular,131st
419805297,62344,Lieutenant,76th
879515763,70539,Cadet,180th
532265075,78743,Lieutenant,55th
978860150,37787,Lieutenant,70th
893474935,54172,Trooper,61st
745339002,77296,Sergeant,68th
162052219,95142,Lieutenant,158th
907212926,86953,Trooper,77th
945649790,13229,Commander,22nd
984127618,21429,Regular,63rd
324720771,70591,Trooper,190th
264730754,95169,Trooper,99th
762239109,62403,Lieutenant,145th
300087430,21447,Major,72nd
879040645,46027,Deputy,27th
189888649,13263,Sergeant,95th
544651402,62420,Trooper,39th
644118665,70613,Cadet,63rd
859109516,78818,Trooper,34th
814168204,22697,Cadet,185th
865573004,21496,Lieutenant,92nd
701143183,37883,Major,176th
298924174,78864,Sergeant,48th
845592721,70674,Deputy,70th
456390803,62486,Regular,166th
796735638,54296,Major,118th
258824342,29721,Commander,16th
737990807,29724,Cadet,62nd
421230746,21535,Trooper,171st
265844893,70690,Cadet,109th
331667615,97802,Major,39th
294246562,87102,Lieutenant,179th
805034149,29767,Sergeant,5th
530806952,78927,Trooper,96th
898947240,62549,Sergeant,47th
868407468,29782,Commander,50th
680401074,63673,Cadet,148th
287070388,95332,Regular,141st
200988853,13418,Lieutenant,166th
873322678,21620,Regular,14th
798816439,58218,Commander,33rd
182417594,44565,Cadet,78th
836016315,78980,Lieutenant,12th
883587260,21644,Major,139th
898422973,62317,Trooper,108th
707156158,78999,Lieutenant,77th
478681280,21661,Commander,42nd
519207105,29856,Cadet,25th
213211331,95393,Trooper,178th
682916036,46249,Regular,144th
426801349,13491,Sergeant,167th
466680007,13493,Sergeant,181st
248592588,79032,Trooper,158th
400398541,70854,Regular,183rd
597694670,79049,Cadet,91st
151238862,46289,Deputy,85th
316578000,54482,Cadet,56th
598776017,95452,Sergeant,117th
163961036,70881,Deputy,47th
374905041,54501,Commander,104th
694507738,29926,Sergeant,136th
826546395,62705,Commander,136th
326039772,46327,Lieutenant,92nd
646207709,62716,Sergeant,131st
655300830,46344,Commander,67th
877721823,54537,Sergeant,34th
386332896,70926,Major,135th
499489002,70932,Commander,191st
762255596,29979,Commander,83rd
381958382,62751,Lieutenant,64th
276035823,62752,Regular,32nd
222517488,29987,Deputy,195th
754997491,95543,Major,161st
709105910,46404,Regular,39th
176773368,41870,Cadet,94th
947173625,54618,Deputy,165th
310819064,30046,Commander,67th
118552826,21855,Cadet,26th
402176252,38241,Major,112th
556349692,65083,Deputy,162nd
139606271,21861,Sergeant,92nd
987478272,21876,Major,20th
708974849,38270,Deputy,32nd
536869123,71050,Regular,33rd
653195525,21901,Sergeant,22nd
735582470,95631,Trooper,179th
378599687,38291,Major,16th
430872839,13718,Trooper,102nd
359233802,79263,Sergeant,150th
129161485,62881,Major,122nd
671774996,81478,Sergeant,3rd
584169748,54694,Commander,69th
521623831,46513,Commander,139th
694024472,13765,Regular,130th
520796441,21958,Lieutenant,116th
791165217,87497,Commander,114th
312031522,95697,Sergeant,41st
824113443,87514,Deputy,184th
451369251,95712,Major,92nd
120363301,71142,Major,39th
626833703,62952,Cadet,55th
633174314,62956,Major,7th
498841899,95727,Commander,91st
906475819,46585,Major,123rd
850884910,54784,Deputy,93rd
119699758,54790,Trooper,119th
906205489,30215,Sergeant,136th
600570164,46602,Regular,168th
676526391,22030,Commander,131st
212154679,59652,Deputy,164th
429562169,31831,Deputy,110th
690231611,71197,Regular,125th
385833276,95777,Sergeant,155th
673888578,63010,Regular,78th
341506373,22057,Commander,32nd
343161162,22063,Trooper,1st
571529547,95796,Deputy,119th
116283726,95807,Sergeant,48th
759593295,46658,Cadet,171st
509450578,30275,Deputy,69th
667015511,95814,Sergeant,5th
770767191,63062,Commander,72nd
160987481,38490,Sergeant,115th
420100446,95836,Major,164th
661928289,13919,Cadet,102nd
176429410,87649,Regular,69th
484866403,71268,Major,186th
207493476,95853,Regular,21st
607041893,38512,Commander,122nd
267385192,43285,Cadet,181st
633043308,46733,Trooper,157th
546773358,22158,Deputy,134th
829487472,30353,Commander,51st
368367991,22162,Sergeant,16th
647592311,13251,Deputy,90th
210459001,38557,Trooper,191st
578279800,87711,Sergeant,144th
809695611,95910,Trooper,101st
447854971,13993,Cadet,117th
283081089,46762,Commander,11th
656472450,30380,Cadet,87th
436697476,95918,Trooper,151st
520509828,95919,Commander,187th
748738949,38576,Deputy,161st
977353096,46769,Lieutenant,70th
189675912,79539,Regular,23rd
832854412,95924,Sergeant,171st
959601036,54967,Commander,22nd
312433041,87737,Major,189th
761502098,54979,Major,9th
128760209,54989,Trooper,26th
376035732,29647,Trooper,193rd
415037846,63206,Sergeant,36th
217020825,30446,Deputy,32nd
860133789,46835,Deputy,180th
431102369,95989,Regular,61st
492124578,71415,Regular,21st
176658851,63227,Deputy,124th
599316900,78805,Regular,54th
820976038,14080,Cadet,106th
974428582,22277,Commander,73rd
121715111,14087,Regular,115th
487258537,55058,Commander,107th
308943274,79638,Regular,23rd
222681515,71447,Regular,46th
742701481,55072,Deputy,42nd
303348140,38696,Deputy,137th
804305326,87854,Major,42nd
717183406,55096,Sergeant,160th
461552050,71490,Trooper,106th
756505014,38724,Commander,34th
534772153,96074,Lieutenant,60th
920549817,13282,Trooper,96th
155949499,79697,Cadet,187th
303831483,22358,Lieutenant,159th
967170500,14171,Trooper,36th
211409350,46940,Trooper,189th
832584136,65168,Trooper,3rd
489134537,55139,Regular,26th
864803274,96105,Lieutenant,131st
796522955,87914,Commander,139th
165042634,46958,Deputy,165th
951196108,14191,Major,144th
103283146,22388,Commander,95th
107862479,55179,Trooper,22nd
416594385,63382,Trooper,95th
143243730,87967,Commander,112th
275347928,47011,Major,53rd
231971288,63398,Commander,83rd
841447896,47021,Major,105th
985946587,30642,Lieutenant,22nd
180902364,87992,Lieutenant,35th
624851421,91125,Regular,11th
528284124,96196,Major,124th
118430171,22469,Lieutenant,31st
269924840,55241,Trooper,154th
296901096,63441,Commander,110th
413268458,63442,Regular,105th
287087084,96212,Cadet,130th
749959662,47062,Regular,134th
573716974,71648,Sergeant,28th
987290096,71652,Regular,34th
864451057,22505,Lieutenant,66th
205699570,38897,Trooper,108th
533821939,55288,Commander,65th
547699184,47108,Trooper,79th
180124155,35158,Commander,65th
913652222,79881,Regular,33rd
331774462,96274,Trooper,67th
265247230,79893,Major,160th
733813252,79894,Commander,106th
435411460,71709,Lieutenant,171st
308107785,30754,Commander,14th
270793226,47139,Deputy,134th
911546890,38953,Major,103rd
591305232,79915,Cadet,31st
350165521,55342,Regular,34th
902756883,71737,Cadet,130th
701561363,79930,Cadet,63rd
101407253,96319,Deputy,130th
645397014,30786,Trooper,1st
375814678,63555,Trooper,57th
550926872,38991,Trooper,161st
395950617,55380,Deputy,46th
421091866,14426,Trooper,147th
528833050,96348,Commander,51st
149101077,88162,Deputy,27th
268589597,55403,Trooper,71st
524827169,96367,Cadet,13th
923621922,14458,Commander,190th
358693413,71817,Lieutenant,156th
833788456,14482,Commander,120th
853170731,30867,Lieutenant,77th
769178156,14484,Sergeant,41st
632052269,14486,Deputy,43rd
247446061,46105,Major,134th
721222191,43375,Sergeant,64th
683768364,22685,Trooper,153rd
102758964,96424,Regular,14th
556702263,71849,Commander,134th
750066233,30897,Sergeant,169th
854178361,55478,Lieutenant,42nd
680540729,22713,Cadet,48th
437770812,40651,Lieutenant,79th
778320443,81612,Lieutenant,141st
611670595,39117,Commander,138th
979892803,47319,Major,152nd
536492613,96475,Deputy,14th
187284039,22749,Commander,88th
773208648,80105,Commander,9th
917486155,47341,Cadet,87th
341146189,47345,Regular,74th
703011407,22779,Cadet,168th
891288143,88319,Lieutenant,60th
688708176,30977,Sergeant,61st
759446102,96516,Regular,144th
736369242,96531,Cadet,105th
924768863,63764,Sergeant,15th
109697634,96541,Trooper,137th
652737125,88354,Sergeant,103rd
928864870,63779,Commander,145th
206092902,47403,Deputy,99th
389380712,55602,Lieutenant,120th
868620908,39221,Sergeant,189th
748517997,63800,Major,28th
594279024,82997,Major,168th
724023932,80197,Major,78th
272554626,80198,Sergeant,44th
471046786,39244,Trooper,178th
997726852,88397,Deputy,158th
209705605,14670,Cadet,63rd
315660933,55631,Trooper,38th
425138821,93926,Regular,174th
938146442,88422,Major,76th
316242571,88427,Trooper,121st
640563850,39277,Major,63rd
982162059,22898,Cadet,82nd
338172554,80245,Commander,93rd
966261393,55677,Cadet,118th
459774610,39294,Deputy,148th
689797779,55683,Regular,53rd
951327379,55689,Cadet,89th
558553749,72077,Commander,43rd
714758809,72081,Cadet,105th
148945562,72085,Regular,17th
534731418,80278,Trooper,56th
690993821,72101,Trooper,41st
326040223,88501,Deputy,30th
392551071,47550,Regular,34th
807844511,72136,Commander,187th
401545892,96714,Trooper,101st
582654630,55773,Commander,169th
684202663,23006,Regular,80th
544971431,96677,Sergeant,109th
488815270,39392,Deputy,192nd
110893734,31202,Major,42nd
644864684,23013,Lieutenant,89th
634542767,72174,Sergeant,195th
871340720,39409,Deputy,146th
298007217,14848,Deputy,126th
478411442,73695,Deputy,89th
234494643,23049,Trooper,12th
712932020,64015,Sergeant,51st
936229559,47635,Regular,38th
553712312,80405,Major,110th
489880248,64022,Trooper,42nd
284662455,55831,Commander,152nd
127867577,14875,Trooper,78th
765082301,88609,Commander,104th
656079551,23078,Commander,32nd
617315011,64044,Commander,56th
705452740,96813,Commander,75th
166460101,23086,Trooper,1st
246012616,96816,Trooper,114th
796441289,64055,Sergeant,49th
455916237,39489,Sergeant,15th
400513741,23107,Commander,53rd
195713741,55883,Trooper,163rd
607804115,64081,Lieutenant,140th
256760532,23126,Deputy,134th
218102485,80473,Commander,51st
529005268,39515,Regular,29th
651352794,23132,Lieutenant,9th
521616091,64101,Deputy,101st
654351068,88678,Major,3rd
925481693,23144,Sergeant,85th
710343390,96876,Major,78th
911743711,63934,Commander,9th
552516324,80503,Sergeant,84th
611916516,39547,Major,41st
412039910,96892,Sergeant,74th
559061736,14982,Lieutenant,13th
238885609,72328,Cadet,123rd
516889323,31374,Trooper,137th
937302767,23196,Lieutenant,121st
571366130,42097,Cadet,108th
466844406,39592,Sergeant,36th
974338812,47786,Commander,129th
521026301,96946,Trooper,175th
622271229,96955,Trooper,62nd
275831553,56005,Major,112th
112278274,15046,Sergeant,86th
188332803,56010,Regular,190th
803306242,31440,Commander,7th
358570757,96985,Deputy,153rd
175979270,47834,Deputy,30th
920312583,80607,Deputy,25th
610622211,64224,Deputy,126th
513809158,50299,Deputy,64th
546757386,96996,Deputy,44th
789003018,39675,Lieutenant,124th
616635148,39681,Regular,3rd
153467661,23301,Trooper,140th
453016334,15115,Major,144th
583154458,23309,Deputy,101st
759446298,64271,Lieutenant,110th
797661980,31506,Lieutenant,53rd
811498269,56086,Trooper,111th
313375520,64290,Major,179th
397007650,80679,Lieutenant,54th
579115811,64298,Sergeant,101st
592075558,64299,Deputy,155th
932043559,47917,Commander,63rd
892836651,97075,Deputy,96th
201915180,64312,Major,6th
356604720,18911,Deputy,110th
237959987,31548,Sergeant,92nd
237116212,64320,Cadet,145th
389692212,88913,Regular,134th
353622839,72530,Cadet,166th
986733371,97107,Cadet,119th
735681340,97116,Cadet,68th
154704700,56160,Major,104th
567384894,23398,Trooper,145th
116562751,81724,Deputy,89th
882744129,64369,Commander,132nd
394337090,39800,Sergeant,125th
668891970,72569,Regular,155th
312392514,80767,Cadet,32nd
862313286,56194,Regular,18th
999643976,88963,Commander,109th
490003276,48008,Commander,64th
933600080,21655,Trooper,62nd
335854416,85826,Sergeant,54th
659086162,15247,Commander,89th
759167825,23454,Cadet,4th
752900953,80801,Cadet,78th
110861146,48041,Sergeant,13th
778599259,23466,Major,160th
329349978,64427,Trooper,71st
184359771,31667,Sergeant,122nd
200579929,79343,Commander,194th
171367270,56249,Cadet,4th
572963689,89018,Deputy,127th
743848810,15296,Regular,116th
361077609,23494,Commander,141st
194272108,64474,Trooper,91st
844692329,97247,Trooper,189th
730053486,89056,Regular,87th
318708593,31719,Commander,187th
753040242,48114,Sergeant,146th
486718323,80883,Deputy,77th
380648308,64506,Cadet,141st
182590325,64509,Lieutenant,51st
731945844,23554,Lieutenant,180th
995720058,97289,Trooper,178th
599456635,72721,Regular,42nd
141745022,23570,Major,66th
776321918,27139,Cadet,129th
102423424,23578,Lieutenant,76th
969120638,48155,Cadet,184th
543914882,64540,Sergeant,45th
809401220,39967,Regular,97th
791337864,31780,Trooper,29th
735820681,15397,Commander,9th
700259210,64558,Sergeant,86th
394648459,57182,Lieutenant,168th
614398859,64568,Commander,150th
143547273,48190,Cadet,192nd
944880527,80961,Commander,118th
530512790,56386,Lieutenant,36th
184687516,23623,Lieutenant,41st
447118236,40011,Trooper,5th
721230750,29880,Cadet,173rd
279567264,97363,Trooper,186th
435428257,72790,Trooper,40th
543914914,15447,Major,98th
580369313,15464,Lieutenant,51st
291716005,81008,Commander,30th
561224615,48242,Major,17th
835853225,66754,Deputy,154th
877624233,72849,Lieutenant,178th
202136494,48276,Major,53rd
709524401,81046,Sergeant,113th
794950578,97438,Deputy,16th
460102578,95430,Commander,169th
143817652,72870,Lieutenant,42nd
110541749,89257,Major,163rd
790944697,72886,Cadet,115th
494476220,89279,Regular,167th
236649405,23756,Commander,160th
562977726,81103,Major,193rd
574290883,31953,Regular,189th
395180995,23766,Lieutenant,116th
491658182,23768,Lieutenant,91st
296999882,89305,Trooper,161st
146578380,56546,Sergeant,9th
790371278,40163,Regular,127th
506141648,27174,Commander,20th
179223506,72935,Lieutenant,94th
473455572,31977,Deputy,181st
714472405,81789,Deputy,92nd
337189846,72946,Trooper,56th
291642326,23796,Cadet,139th
120830936,72950,Trooper,13th
471309273,64763,Major,25th
559266778,89343,Sergeant,131st
501717978,89353,Trooper,62nd
578550746,99543,Deputy,173rd
925621215,56593,Deputy,42nd
223665119,15635,Sergeant,78th
959200225,97558,Major,13th
956562401,97561,Lieutenant,13th
316013539,56606,Lieutenant,188th
675920868,56616,Trooper,184th
442563556,48425,Regular,98th
606493674,40247,Lieutenant,158th
490478573,64827,Sergeant,42nd
361266159,81214,Sergeant,11th
740383727,97599,Lieutenant,28th
549731313,56640,Deputy,181st
938531828,53132,Cadet,191st
610540534,81227,Lieutenant,132nd
936352762,64849,Sergeant,34th
588250107,23890,Major,53rd
470866939,19003,Regular,8th
361880573,89444,Sergeant,25th
387062782,64871,Lieutenant,10th
421542906,48492,Deputy,164th
388660226,73070,Regular,118th
906427394,56696,Commander,154th
513825797,97660,Commander,35th
476986373,32125,Commander,53rd
886348807,64904,Major,36th
991722504,40332,Deputy,30th
894835720,32146,Commander,116th
361036809,32148,Trooper,146th
187046922,32152,Deputy,45th
981572614,64924,Sergeant,59th
217766926,81324,Regular,144th
139123729,23986,Lieutenant,83rd
654695442,81334,Lieutenant,23rd
433830934,48568,Sergeant,46th
808336408,64954,Trooper,55th
715078681,40385,Lieutenant,147th
410655770,48581,Regular,24th
250477592,32201,Deputy,121st
103947296,56781,Trooper,25th
478780449,24029,Regular,51st
766434338,15845,Lieutenant,15th
625327139,47697,Sergeant,164th
856833060,48621,Cadet,113th
831364135,15855,Commander,139th
889879596,97776,Lieutenant,109th
292936749,40439,Sergeant,180th
966417455,73208,Lieutenant,188th
168303665,81406,Regular,90th
867466290,40458,Deputy,46th
566934580,97807,Deputy,65th
851680309,81425,Major,176th
633936950,89626,Sergeant,37th
327515194,15900,Regular,193rd
987995195,32303,Major,104th
674110526,81457,Trooper,104th
900193342,81461,Major,88th
244243518,48694,Deputy,125th
890870849,24122,Commander,132nd
170032194,32315,Deputy,58th
609958979,73276,Sergeant,94th
438697028,89664,Major,155th
724474949,32321,Commander,97th
332135491,97860,Regular,16th
213818435,40518,Deputy,127th
909261901,89672,Sergeant,161st
974650446,32330,Lieutenant,174th
547183693,89676,Regular,25th
781671504,32362,Major,137th
325229649,40557,Deputy,37th
676486228,97916,Deputy,23rd
908016728,48765,Commander,110th
557382745,48767,Cadet,157th
696261722,40896,Major,51st
643578971,48777,Deputy,24th
850582620,24202,Lieutenant,47th
477027421,56976,Sergeant,63rd
445307999,16018,Regular,177th
522083424,40602,Deputy,191st
699350113,40603,Cadet,76th
357899365,81573,Commander,82nd
299203685,97968,Regular,135th
952335463,48823,Major,25th
976043112,73417,Deputy,150th
910171241,65226,Sergeant,59th
144530538,89803,Commander,15th
471940210,73420,Commander,75th
224599155,73423,Regular,24th
724483187,48851,Deputy,177th
863206517,32481,Cadet,76th
435485810,16100,Sergeant,60th
907861111,16101,Sergeant,20th
566672502,98025,Major,87th
408435836,16111,Deputy,150th
964451456,65266,Lieutenant,22nd
625310851,98035,Major,163rd
454827145,57087,Regular,84th
544169098,32514,Major,81st
841522314,48899,Major,114th
589216908,10881,Sergeant,164th
625908873,56185,Deputy,103rd
608803978,98065,Cadet,66th
922352783,16146,Regular,176th
850181257,24351,Commander,5th
748674188,40740,Lieutenant,108th
623131797,32553,Regular,30th
334642325,73523,Sergeant,181st
955440277,73524,Trooper,192nd
903863446,32568,Commander,142nd
914234517,98107,Lieutenant,81st
506133658,65340,Lieutenant,31st
603864217,57150,Cadet,138th
370195611,32575,Major,61st
350428320,16194,Sergeant,160th
543521955,57158,Deputy,21st
566893732,24395,Sergeant,29th
844135588,16207,Lieutenant,157th
142777507,96910,Cadet,69th
702946471,48990,Regular,48th
898931880,65375,Sergeant,30th
192920745,16224,Trooper,136th
267074727,89953,Sergeant,69th
361823403,24427,Sergeant,93rd
230235300,57204,Major,38th
424254628,89975,Trooper,104th
546462886,89977,Sergeant,72nd
742833329,49018,Regular,166th
524172466,16253,Deputy,41st
781294773,16265,Trooper,121st
355228855,57229,Sergeant,159th
772062391,89998,Lieutenant,120th
793402553,49043,Lieutenant,124th
722345146,65438,Sergeant,179th
713497787,16290,Cadet,132nd
856751291,73638,Cadet,26th
243670204,57258,Trooper,62nd
231824574,81839,Lieutenant,161st
235166911,98226,Lieutenant,78th
847682751,57269,Regular,101st
910048449,65462,Regular,17th
639122626,42313,Cadet,106th
440466626,16320,Sergeant,177th
268639432,24518,Regular,93rd
906681545,90063,Cadet,82nd
497122505,65491,Deputy,6th
254541008,16348,Lieutenant,62nd
176692434,32733,Regular,195th
177741011,35493,Regular,176th
374578387,81891,Major,15th
672136403,57316,Cadet,48th
394755288,40937,Lieutenant,109th
975273176,40943,Sergeant,17th
520977626,90096,Lieutenant,177th
456654045,90099,Deputy,100th
143678686,24566,Trooper,187th
