pName,phoneNum
1st,420-136-7816
2nd,418-456-1319
3rd,489-291-7812
4th,489-931-7582
5th,845-651-5917
6th,580-578-7464
7th,845-273-9678
8th,845-552-7842
9th,418-631-6841
10th,602-749-1757
11th,602-872-1452
12th,845-994-6378
13th,580-395-9497
14th,418-811-9537
15th,712-273-1772
16th,845-581-9583
17th,617-813-5734
18th,602-811-9932
19th,418-836-1362
20th,602-577-9362
21st,580-998-6812
22nd,712-644-2323
23rd,418-751-7271
24th,712-192-7485
25th,489-287-1117
26th,489-459-7347
27th,602-149-4226
28th,418-551-8838
29th,420-896-9645
30th,418-795-1711
31st,580-785-4649
32nd,489-224-4965
33rd,420-555-3752
34th,420-856-2487
35th,489-678-4423
36th,418-643-4684
37th,845-293-5461
38th,617-736-9489
39th,845-275-1324
40th,418-483-1461
41st,489-934-4993
42nd,617-115-8764
43rd,845-485-5587
44th,712-588-1682
45th,489-925-6226
46th,418-452-1982
47th,420-736-9727
48th,602-115-3813
49th,489-313-5159
50th,420-871-7723
51st,845-762-6448
52nd,480-469-4921
53rd,617-146-8257
54th,420-197-5326
55th,580-544-9173
56th,617-325-3618
57th,845-431-7697
58th,712-835-4872
59th,602-715-3159
60th,712-998-5945
61st,480-719-8582
62nd,712-337-3997
63rd,480-638-1219
64th,617-168-7553
65th,489-436-9957
66th,480-517-1451
67th,845-672-5466
68th,602-868-9489
69th,617-785-7582
70th,617-751-2343
71st,712-459-3356
72nd,617-632-2324
73rd,845-175-8629
74th,418-517-8573
75th,617-563-8347
76th,617-569-6545
77th,617-361-7241
78th,480-511-4725
79th,420-634-4148
80th,712-736-9523
81st,420-372-1894
82nd,580-255-6131
83rd,418-781-8771
84th,480-433-8666
85th,602-772-8395
86th,418-589-5999
87th,845-122-9635
88th,480-328-3372
89th,418-934-7581
90th,418-387-7268
91st,602-178-2388
92nd,418-719-8714
93rd,845-667-6185
94th,712-942-3741
95th,418-764-1783
96th,480-271-1181
97th,418-352-3884
98th,418-871-5288
99th,418-373-2381
100th,712-372-6187
101st,580-494-8749
102nd,845-258-9639
103rd,712-515-5797
104th,602-439-8181
105th,712-626-5723
106th,712-844-9653
107th,617-967-4329
108th,480-318-9211
109th,418-459-9636
110th,617-566-2351
111th,489-711-6433
112th,845-862-2696
113th,489-724-6753
114th,845-994-2235
115th,480-172-8571
116th,480-986-7461
117th,845-568-9467
118th,580-156-7713
119th,480-784-9426
120th,480-219-7714
121st,418-386-5444
122nd,617-323-8452
123rd,418-224-5138
124th,845-111-6179
125th,602-921-1472
126th,845-722-6463
127th,580-841-3324
128th,580-111-9285
129th,580-155-8418
130th,617-956-9347
131st,712-448-8396
132nd,489-776-2663
133rd,418-652-3242
134th,602-151-1786
135th,489-559-2776
136th,617-227-8748
137th,480-346-9849
138th,845-383-9723
139th,845-621-4454
140th,617-774-4499
141st,480-557-8891
142nd,845-462-2236
143rd,418-148-7833
144th,580-958-2141
145th,489-181-9715
146th,580-958-8161
147th,580-527-5154
148th,418-355-1257
149th,602-983-1157
150th,845-994-6622
151st,712-262-6133
152nd,420-956-9418
153rd,480-985-3455
154th,489-689-5728
155th,580-693-5344
156th,617-397-6157
157th,602-118-8958
158th,845-288-9168
159th,580-281-1548
160th,617-858-5728
161st,617-847-3477
162nd,489-575-2649
163rd,418-751-8778
164th,617-589-4996
165th,617-117-9254
166th,480-341-2661
167th,418-231-5451
168th,580-558-7635
169th,489-153-3258
170th,420-128-2999
171st,580-678-8226
172nd,480-383-2498
173rd,602-819-2586
174th,602-316-6284
175th,489-196-3424
176th,418-462-4449
177th,580-311-8939
178th,602-486-4957
179th,420-578-3249
180th,418-848-2767
181st,489-878-9439
182nd,712-636-3632
183rd,480-784-2135
184th,418-219-3168
185th,580-788-8626
186th,602-796-3392
187th,845-356-9668
188th,489-524-9172
189th,418-499-9493
190th,602-754-7923
191st,617-533-7886
192nd,617-388-3491
193rd,489-536-5244
194th,617-499-6498
195th,580-976-3723
